-- phpMyAdmin SQL Dump
-- version 4.7.4
-- https://www.phpmyadmin.net/
--
-- Host: 127.0.0.1
-- Generation Time: Dec 14, 2017 at 04:01 PM
-- Server version: 10.1.28-MariaDB
-- PHP Version: 7.1.10

SET SQL_MODE = "NO_AUTO_VALUE_ON_ZERO";
SET AUTOCOMMIT = 0;
START TRANSACTION;
SET time_zone = "+00:00";


/*!40101 SET @OLD_CHARACTER_SET_CLIENT=@@CHARACTER_SET_CLIENT */;
/*!40101 SET @OLD_CHARACTER_SET_RESULTS=@@CHARACTER_SET_RESULTS */;
/*!40101 SET @OLD_COLLATION_CONNECTION=@@COLLATION_CONNECTION */;
/*!40101 SET NAMES utf8mb4 */;

--
-- Database: `lazzypropertiesdb`
--

-- --------------------------------------------------------

--
-- Table structure for table `conversation`
--

CREATE TABLE `conversation` (
  `Conversation_ID` int(11) NOT NULL,
  `User1` int(11) NOT NULL,
  `User2` int(11) NOT NULL,
  `Subject` varchar(255) NOT NULL,
  `Status1` int(11) NOT NULL,
  `Status2` int(11) NOT NULL
) ENGINE=InnoDB DEFAULT CHARSET=latin1;

--
-- Dumping data for table `conversation`
--

INSERT INTO `conversation` (`Conversation_ID`, `User1`, `User2`, `Subject`, `Status1`, `Status2`) VALUES
(1, 33, 32, 'sdfgsdfr', 1, 1),
(2, 24, 32, 'Buy Property', 1, 1),
(3, 33, 32, 'This is a test', 33, 32),
(4, 24, 32, 'Test', 24, 32),
(5, 24, 32, 'This is test', 24, 32);

-- --------------------------------------------------------

--
-- Stand-in structure for view `convo_list`
-- (See below for the actual view)
--
CREATE TABLE `convo_list` (
`Conversation_ID` int(11)
,`User1` int(11)
,`User2` int(11)
,`Subject` varchar(255)
,`Status1` int(11)
,`Status2` int(11)
,`PrivateMessage_ID` int(11)
,`Message` longtext
,`TimeStamp` timestamp
,`Sender` int(11)
,`ReadNew` int(11)
,`Status_1` int(11)
,`Status_2` int(11)
);

-- --------------------------------------------------------

--
-- Stand-in structure for view `log_in`
-- (See below for the actual view)
--
CREATE TABLE `log_in` (
`User_ID` int(11)
,`Email` varchar(255)
,`Mobile` varchar(255)
,`Password` varchar(255)
);

-- --------------------------------------------------------

--
-- Table structure for table `private_message`
--

CREATE TABLE `private_message` (
  `PrivateMessage_ID` int(11) NOT NULL,
  `Conversation_ID` int(11) NOT NULL,
  `Message` longtext NOT NULL,
  `TimeStamp` timestamp NOT NULL DEFAULT CURRENT_TIMESTAMP ON UPDATE CURRENT_TIMESTAMP,
  `Sender` int(11) NOT NULL,
  `ReadNew` int(11) NOT NULL,
  `Status_1` int(11) NOT NULL,
  `Status_2` int(11) NOT NULL
) ENGINE=InnoDB DEFAULT CHARSET=latin1;

--
-- Dumping data for table `private_message`
--

INSERT INTO `private_message` (`PrivateMessage_ID`, `Conversation_ID`, `Message`, `TimeStamp`, `Sender`, `ReadNew`, `Status_1`, `Status_2`) VALUES
(1, 1, 'wqerwer', '2017-12-12 22:29:12', 33, 1, 1, 1),
(2, 1, 'The quick brown fox jumps over the lazy dog . The quick brown fox jumps over the lazy dog . The quick brown fox jumps over the lazy dog . The quick brown fox jumps over the lazy dog . The quick brown fox jumps over the lazy dog . The quick brown fox jumps over the lazy dog . \r\nThe quick brown fox jumps over the lazy dog . \r\nThe quick brown fox jumps over the lazy dog . \r\n\r\n\r\nThe quick brown fox jumps over the lazy dog . The quick brown fox jumps over the lazy dog . The quick brown fox jumps over the lazy dog . The quick brown fox jumps over the lazy dog . The quick brown fox jumps over the lazy dog . \r\n', '2017-12-13 05:46:05', 32, 1, 1, 1),
(3, 1, 'This is a test. This is a test. This is a test. This is a test. This is a test. This is a test. This is a test. This is a test. This is a test. This is a test. This is a test. This is a test. This is a test. This is a test. This is a test. This is a test. This is a test. This is a test. This is a test. This is a test. This is a test. ', '2017-12-13 05:47:00', 33, 1, 1, 1),
(4, 1, 'Okay, that is a test. ', '2017-12-13 05:47:41', 32, 1, 1, 1),
(5, 1, 'Hello, how are you?', '2017-12-13 06:13:32', 33, 1, 1, 1),
(6, 1, 'Pwede na ba kong magreply?', '2017-12-13 06:51:52', 32, 1, 1, 1),
(7, 1, 'Oo naman, bakit hindi?', '2017-12-13 06:52:09', 33, 1, 1, 1),
(8, 1, 'Sige sige, ayos pala to eh', '2017-12-13 06:54:12', 32, 1, 1, 1),
(9, 2, 'Hey nigga, imma need yo crib nigga', '2017-12-13 07:08:36', 24, 1, 1, 1),
(10, 2, 'K, which crib ya want? Go put the link here and imma tell ya what ya want', '2017-12-13 07:10:06', 32, 1, 1, 1),
(11, 2, 'Anything cuz', '2017-12-13 07:10:22', 24, 1, 1, 1),
(12, 2, 'I\'m not ya cuzzin ya bitch ass punk', '2017-12-13 07:11:11', 32, 1, 1, 1),
(13, 2, 'Fuck you, imma buss yo ass up right now nigga', '2017-12-13 07:11:42', 24, 1, 1, 1),
(14, 3, 'How are you?', '2017-12-13 13:43:35', 33, 1, 0, 0),
(15, 3, 'I\'m fine. How about you?', '2017-12-13 13:51:52', 32, 1, 33, 0),
(16, 3, '', '2017-12-13 13:50:45', 32, 1, 0, 0),
(17, 3, 'Hello, I am interested in your property', '2017-12-13 14:10:53', 33, 1, 0, 0),
(18, 3, 'Hello, I am interested in your property', '2017-12-13 13:37:09', 33, 1, 0, 0),
(19, 3, 'Hi, which property are you interested in?', '2017-12-13 14:13:02', 32, 1, 0, 0),
(20, 3, 'ASDASDASD', '2017-12-13 14:08:20', 33, 1, 33, 0),
(21, 3, 'This is a test', '2017-12-13 14:11:41', 32, 1, 0, 0),
(22, 4, 'Test', '2017-12-13 16:28:11', 24, 1, 24, 32),
(23, 5, 'The quick brown fox jumps over the lazy dog. \r\nThe quick brown fox jumps over the lazy dog. \r\n\r\nThe quick brown fox jumps over the lazy dog. \r\n\r\nThe quick brown fox jumps over the lazy dog. The quick brown fox jumps over the lazy dog. The quick brown fox jumps over the lazy dog. The quick brown fox jumps over the lazy dog. The quick brown fox jumps over the lazy dog. The quick brown fox jumps over the lazy dog. ', '2017-12-13 18:58:59', 24, 1, 24, 32);

-- --------------------------------------------------------

--
-- Table structure for table `property`
--

CREATE TABLE `property` (
  `Property_ID` int(11) NOT NULL,
  `Title` varchar(255) NOT NULL,
  `Type` char(1) NOT NULL,
  `Price` bigint(20) NOT NULL,
  `Description` blob NOT NULL,
  `User_ID` int(11) NOT NULL,
  `Status` varchar(255) DEFAULT NULL
) ENGINE=InnoDB DEFAULT CHARSET=latin1;

--
-- Dumping data for table `property`
--

INSERT INTO `property` (`Property_ID`, `Title`, `Type`, `Price`, `Description`, `User_ID`, `Status`) VALUES
(2, 'House for Sale', 'u', 2300000, 0x756e646566696e6564, 32, NULL),
(3, 'House for Sale', 'u', 2300000, 0x756e646566696e6564, 32, NULL),
(4, 'House for Sale', 'u', 2300000, 0x756e646566696e6564, 32, NULL),
(5, 'House for Sale', 'u', 2300000, 0x756e646566696e6564, 32, NULL),
(6, 'House for Sale', 'u', 2300000, 0x756e646566696e6564, 32, NULL),
(7, 'House for Rent', 'b', 15000, 0x756e646566696e6564, 32, NULL),
(8, 'House for Rent', 'b', 15000, 0x756e646566696e6564, 32, NULL),
(9, 'House for Rent', 'b', 15000, 0x756e646566696e6564, 32, NULL),
(10, 'House for Rent', 'b', 15000, 0x756e646566696e6564, 32, NULL),
(11, 'House for Rent', 'b', 15000, 0x756e646566696e6564, 32, NULL),
(12, 'House for Rent', 'b', 15000, 0x756e646566696e6564, 32, NULL),
(13, 'House for Rent', 'b', 15000, 0x756e646566696e6564, 32, 'Active'),
(14, 'House for Rent', 'b', 15000, 0x756e646566696e6564, 32, 'Active'),
(15, 'House for Rent', 'b', 15000, 0x756e646566696e6564, 32, 'Active'),
(16, 'House for Rent', 'b', 15000, 0x756e646566696e6564, 32, 'Active'),
(17, 'House for Rent', 'b', 15000, 0x756e646566696e6564, 32, 'Active'),
(18, 'House for Rent', 'b', 15000, 0x756e646566696e6564, 32, 'Active'),
(19, 'House for Rent', 'b', 15000, 0x756e646566696e6564, 32, 'Active'),
(20, 'House for Rent', 'b', 10000, 0x756e646566696e6564, 32, 'Active'),
(21, 'House for Rent', 'b', 10000, 0x756e646566696e6564, 32, 'Active'),
(22, 'House for Rent', 'b', 10000, 0x756e646566696e6564, 32, 'Active'),
(23, 'House for Rent', 'b', 10000, 0x756e646566696e6564, 32, 'Active'),
(24, 'House for Rent', 'b', 10000, 0x756e646566696e6564, 32, 'Active'),
(25, 'House for Rent', 'b', 10000, 0x756e646566696e6564, 32, 'Active'),
(26, 'Test', 'a', 1000000, 0x756e646566696e6564, 32, 'Active'),
(27, 'Test', 'a', 1000000, 0x756e646566696e6564, 32, 'Active'),
(28, 'Test', 'b', 5000000, 0x756e646566696e6564, 32, 'Active'),
(29, 'Test', 'b', 5000000, 0x756e646566696e6564, 32, 'Active'),
(30, 'Land for Sale', 'd', 50000000, 0x54686520717569636b2062726f776e20666f78206a756d7073206f76657220746865206c617a7920646f672e2054686520717569636b2062726f776e20666f78206a756d7073206f76657220746865206c617a7920646f672e2054686520717569636b2062726f776e20666f78206a756d7073206f76657220746865206c617a7920646f672e2054686520717569636b2062726f776e20666f78206a756d7073206f76657220746865206c617a7920646f672e2054686520717569636b2062726f776e20666f78206a756d7073206f76657220746865206c617a7920646f672e2054686520717569636b2062726f776e20666f78206a756d7073206f76657220746865206c617a7920646f672e2054686520717569636b2062726f776e20666f78206a756d7073206f76657220746865206c617a7920646f672e2054686520717569636b2062726f776e20666f78206a756d7073206f76657220746865206c617a7920646f672e2054686520717569636b2062726f776e20666f78206a756d7073206f76657220746865206c617a7920646f672e2054686520717569636b2062726f776e20666f78206a756d7073206f76657220746865206c617a7920646f672e2054686520717569636b2062726f776e20666f78206a756d7073206f76657220746865206c617a7920646f672e2054686520717569636b2062726f776e20666f78206a756d7073206f76657220746865206c617a7920646f672e2054686520717569636b2062726f776e20666f78206a756d7073206f76657220746865206c617a7920646f672e2054686520717569636b2062726f776e20666f78206a756d7073206f76657220746865206c617a7920646f672e2054686520717569636b2062726f776e20666f78206a756d7073206f76657220746865206c617a7920646f672e2054686520717569636b2062726f776e20666f78206a756d7073206f76657220746865206c617a7920646f672e2054686520717569636b2062726f776e20666f78206a756d7073206f76657220746865206c617a7920646f672e2054686520717569636b2062726f776e20666f78206a756d7073206f76657220746865206c617a7920646f672e2054686520717569636b2062726f776e20666f78206a756d7073206f76657220746865206c617a7920646f672e2054686520717569636b2062726f776e20666f78206a756d7073206f76657220746865206c617a7920646f672e2054686520717569636b2062726f776e20666f78206a756d7073206f76657220746865206c617a7920646f672e2054686520717569636b2062726f776e20666f78206a756d7073206f76657220746865206c617a7920646f672e2054686520717569636b2062726f776e20666f78206a756d7073206f76657220746865206c617a7920646f672e2054686520717569636b2062726f776e20666f78206a756d7073206f76657220746865206c617a7920646f672e2054686520717569636b2062726f776e20666f78206a756d7073206f76657220746865206c617a7920646f672e2054686520717569636b2062726f776e20666f78206a756d7073206f76657220746865206c617a7920646f672e2054686520717569636b2062726f776e20666f78206a756d7073206f76657220746865206c617a7920646f672e2054686520717569636b2062726f776e20666f78206a756d7073206f76657220746865206c617a7920646f672e2054686520717569636b2062726f776e20666f78206a756d7073206f76657220746865206c617a7920646f672e2054686520717569636b2062726f776e20666f78206a756d7073206f76657220746865206c617a7920646f672e2054686520717569636b2062726f776e20666f78206a756d7073206f76657220746865206c617a7920646f672e2054686520717569636b2062726f776e20666f78206a756d7073206f76657220746865206c617a7920646f672e2054686520717569636b2062726f776e20666f78206a756d7073206f76657220746865206c617a7920646f672e2054686520717569636b2062726f776e20666f78206a756d7073206f76657220746865206c617a7920646f672e20, 32, 'Active'),
(31, 'Test', 'b', 20000, 0x54686520717569636b2062726f776e20666f78206a756d7073206f76657220746865206c617a7920646f672e2054686520717569636b2062726f776e20666f78206a756d7073206f76657220746865206c617a7920646f672e2054686520717569636b2062726f776e20666f78206a756d7073206f76657220746865206c617a7920646f672e2054686520717569636b2062726f776e20666f78206a756d7073206f76657220746865206c617a7920646f672e2054686520717569636b2062726f776e20666f78206a756d7073206f76657220746865206c617a7920646f672e2054686520717569636b2062726f776e20666f78206a756d7073206f76657220746865206c617a7920646f672e2054686520717569636b2062726f776e20666f78206a756d7073206f76657220746865206c617a7920646f672e2054686520717569636b2062726f776e20666f78206a756d7073206f76657220746865206c617a7920646f672e2054686520717569636b2062726f776e20666f78206a756d7073206f76657220746865206c617a7920646f672e2054686520717569636b2062726f776e20666f78206a756d7073206f76657220746865206c617a7920646f672e2054686520717569636b2062726f776e20666f78206a756d7073206f76657220746865206c617a7920646f672e2054686520717569636b2062726f776e20666f78206a756d7073206f76657220746865206c617a7920646f672e2054686520717569636b2062726f776e20666f78206a756d7073206f76657220746865206c617a7920646f672e2054686520717569636b2062726f776e20666f78206a756d7073206f76657220746865206c617a7920646f672e2054686520717569636b2062726f776e20666f78206a756d7073206f76657220746865206c617a7920646f672e2054686520717569636b2062726f776e20666f78206a756d7073206f76657220746865206c617a7920646f672e2054686520717569636b2062726f776e20666f78206a756d7073206f76657220746865206c617a7920646f672e2054686520717569636b2062726f776e20666f78206a756d7073206f76657220746865206c617a7920646f672e2054686520717569636b2062726f776e20666f78206a756d7073206f76657220746865206c617a7920646f672e20, 32, 'Active'),
(32, 'Test', 'b', 20000, 0x54686520717569636b2062726f776e20666f78206a756d7073206f76657220746865206c617a7920646f672e2054686520717569636b2062726f776e20666f78206a756d7073206f76657220746865206c617a7920646f672e2054686520717569636b2062726f776e20666f78206a756d7073206f76657220746865206c617a7920646f672e2054686520717569636b2062726f776e20666f78206a756d7073206f76657220746865206c617a7920646f672e2054686520717569636b2062726f776e20666f78206a756d7073206f76657220746865206c617a7920646f672e2054686520717569636b2062726f776e20666f78206a756d7073206f76657220746865206c617a7920646f672e2054686520717569636b2062726f776e20666f78206a756d7073206f76657220746865206c617a7920646f672e2054686520717569636b2062726f776e20666f78206a756d7073206f76657220746865206c617a7920646f672e2054686520717569636b2062726f776e20666f78206a756d7073206f76657220746865206c617a7920646f672e2054686520717569636b2062726f776e20666f78206a756d7073206f76657220746865206c617a7920646f672e2054686520717569636b2062726f776e20666f78206a756d7073206f76657220746865206c617a7920646f672e2054686520717569636b2062726f776e20666f78206a756d7073206f76657220746865206c617a7920646f672e2054686520717569636b2062726f776e20666f78206a756d7073206f76657220746865206c617a7920646f672e2054686520717569636b2062726f776e20666f78206a756d7073206f76657220746865206c617a7920646f672e2054686520717569636b2062726f776e20666f78206a756d7073206f76657220746865206c617a7920646f672e2054686520717569636b2062726f776e20666f78206a756d7073206f76657220746865206c617a7920646f672e2054686520717569636b2062726f776e20666f78206a756d7073206f76657220746865206c617a7920646f672e2054686520717569636b2062726f776e20666f78206a756d7073206f76657220746865206c617a7920646f672e2054686520717569636b2062726f776e20666f78206a756d7073206f76657220746865206c617a7920646f672e20, 32, 'Active'),
(33, 'For Sale', 'a', 3000000, 0x54686520717569636b2062726f776e20666f78206a756d7073206f76657220746865206c617a7920646f672e2054686520717569636b2062726f776e20666f78206a756d7073206f76657220746865206c617a7920646f672e2054686520717569636b2062726f776e20666f78206a756d7073206f76657220746865206c617a7920646f672e2054686520717569636b2062726f776e20666f78206a756d7073206f76657220746865206c617a7920646f672e2054686520717569636b2062726f776e20666f78206a756d7073206f76657220746865206c617a7920646f672e2054686520717569636b2062726f776e20666f78206a756d7073206f76657220746865206c617a7920646f672e2054686520717569636b2062726f776e20666f78206a756d7073206f76657220746865206c617a7920646f672e2054686520717569636b2062726f776e20666f78206a756d7073206f76657220746865206c617a7920646f672e2054686520717569636b2062726f776e20666f78206a756d7073206f76657220746865206c617a7920646f672e2054686520717569636b2062726f776e20666f78206a756d7073206f76657220746865206c617a7920646f672e2054686520717569636b2062726f776e20666f78206a756d7073206f76657220746865206c617a7920646f672e2054686520717569636b2062726f776e20666f78206a756d7073206f76657220746865206c617a7920646f672e2054686520717569636b2062726f776e20666f78206a756d7073206f76657220746865206c617a7920646f672e2054686520717569636b2062726f776e20666f78206a756d7073206f76657220746865206c617a7920646f672e2054686520717569636b2062726f776e20666f78206a756d7073206f76657220746865206c617a7920646f672e2054686520717569636b2062726f776e20666f78206a756d7073206f76657220746865206c617a7920646f672e2054686520717569636b2062726f776e20666f78206a756d7073206f76657220746865206c617a7920646f672e2054686520717569636b2062726f776e20666f78206a756d7073206f76657220746865206c617a7920646f672e2054686520717569636b2062726f776e20666f78206a756d7073206f76657220746865206c617a7920646f672e2054686520717569636b2062726f776e20666f78206a756d7073206f76657220746865206c617a7920646f672e2054686520717569636b2062726f776e20666f78206a756d7073206f76657220746865206c617a7920646f672e2054686520717569636b2062726f776e20666f78206a756d7073206f76657220746865206c617a7920646f672e20, 32, 'Active'),
(34, 'Test', 'c', 123123, 0x54686520717569636b2062726f776e20666f78206a756d7073206f76657220746865206c617a7920646f672e2054686520717569636b2062726f776e20666f78206a756d7073206f76657220746865206c617a7920646f672e2054686520717569636b2062726f776e20666f78206a756d7073206f76657220746865206c617a7920646f672e2054686520717569636b2062726f776e20666f78206a756d7073206f76657220746865206c617a7920646f672e2054686520717569636b2062726f776e20666f78206a756d7073206f76657220746865206c617a7920646f672e2054686520717569636b2062726f776e20666f78206a756d7073206f76657220746865206c617a7920646f672e2054686520717569636b2062726f776e20666f78206a756d7073206f76657220746865206c617a7920646f672e2054686520717569636b2062726f776e20666f78206a756d7073206f76657220746865206c617a7920646f672e2054686520717569636b2062726f776e20666f78206a756d7073206f76657220746865206c617a7920646f672e2054686520717569636b2062726f776e20666f78206a756d7073206f76657220746865206c617a7920646f672e2054686520717569636b2062726f776e20666f78206a756d7073206f76657220746865206c617a7920646f672e2054686520717569636b2062726f776e20666f78206a756d7073206f76657220746865206c617a7920646f672e2054686520717569636b2062726f776e20666f78206a756d7073206f76657220746865206c617a7920646f672e2054686520717569636b2062726f776e20666f78206a756d7073206f76657220746865206c617a7920646f672e2054686520717569636b2062726f776e20666f78206a756d7073206f76657220746865206c617a7920646f672e2054686520717569636b2062726f776e20666f78206a756d7073206f76657220746865206c617a7920646f672e2054686520717569636b2062726f776e20666f78206a756d7073206f76657220746865206c617a7920646f672e2054686520717569636b2062726f776e20666f78206a756d7073206f76657220746865206c617a7920646f672e2054686520717569636b2062726f776e20666f78206a756d7073206f76657220746865206c617a7920646f672e2054686520717569636b2062726f776e20666f78206a756d7073206f76657220746865206c617a7920646f672e2054686520717569636b2062726f776e20666f78206a756d7073206f76657220746865206c617a7920646f672e2054686520717569636b2062726f776e20666f78206a756d7073206f76657220746865206c617a7920646f672e2054686520717569636b2062726f776e20666f78206a756d7073206f76657220746865206c617a7920646f672e20, 32, 'Active'),
(35, 'Test', 'c', 111111111, 0x54657374, 32, 'Active'),
(36, 'Test', 'c', 1111111111, 0x54686973206973206120746573742e2054686973206973206120746573742e2054686973206973206120746573742e2054686973206973206120746573742e2054686973206973206120746573742e2054686973206973206120746573742e2054686973206973206120746573742e2054686973206973206120746573742e2054686973206973206120746573742e2054686973206973206120746573742e2054686973206973206120746573742e2054686973206973206120746573742e2054686973206973206120746573742e2054686973206973206120746573742e2054686973206973206120746573742e2054686973206973206120746573742e2054686973206973206120746573742e2054686973206973206120746573742e2054686973206973206120746573742e2054686973206973206120746573742e2054686973206973206120746573742e2054686973206973206120746573742e2054686973206973206120746573742e2054686973206973206120746573742e2054686973206973206120746573742e2054686973206973206120746573742e2054686973206973206120746573742e2054686973206973206120746573742e2054686973206973206120746573742e2054686973206973206120746573742e2054686973206973206120746573742e2054686973206973206120746573742e2054686973206973206120746573742e2054686973206973206120746573742e2054686973206973206120746573742e2054686973206973206120746573742e2054686973206973206120746573742e2054686973206973206120746573742e2054686973206973206120746573742e2054686973206973206120746573742e2054686973206973206120746573742e2054686973206973206120746573742e2054686973206973206120746573742e2054686973206973206120746573742e2054686973206973206120746573742e2054686973206973206120746573742e2054686973206973206120746573742e2054686973206973206120746573742e2054686973206973206120746573742e2054686973206973206120746573742e2054686973206973206120746573742e2054686973206973206120746573742e2054686973206973206120746573742e2054686973206973206120746573742e2054686973206973206120746573742e2054686973206973206120746573742e20, 32, 'Active'),
(37, 'Test', 'b', 6464646463, 0x54686520717569636b2062726f776e20666f78206a756d7073206f76657220746865206c617a7920646f672e2054686520717569636b2062726f776e20666f78206a756d7073206f76657220746865206c617a7920646f672e2054686520717569636b2062726f776e20666f78206a756d7073206f76657220746865206c617a7920646f672e2054686520717569636b2062726f776e20666f78206a756d7073206f76657220746865206c617a7920646f672e2054686520717569636b2062726f776e20666f78206a756d7073206f76657220746865206c617a7920646f672e2054686520717569636b2062726f776e20666f78206a756d7073206f76657220746865206c617a7920646f672e2054686520717569636b2062726f776e20666f78206a756d7073206f76657220746865206c617a7920646f672e2054686520717569636b2062726f776e20666f78206a756d7073206f76657220746865206c617a7920646f672e2054686520717569636b2062726f776e20666f78206a756d7073206f76657220746865206c617a7920646f672e2054686520717569636b2062726f776e20666f78206a756d7073206f76657220746865206c617a7920646f672e2054686520717569636b2062726f776e20666f78206a756d7073206f76657220746865206c617a7920646f672e2054686520717569636b2062726f776e20666f78206a756d7073206f76657220746865206c617a7920646f672e2054686520717569636b2062726f776e20666f78206a756d7073206f76657220746865206c617a7920646f672e2054686520717569636b2062726f776e20666f78206a756d7073206f76657220746865206c617a7920646f672e2054686520717569636b2062726f776e20666f78206a756d7073206f76657220746865206c617a7920646f672e2054686520717569636b2062726f776e20666f78206a756d7073206f76657220746865206c617a7920646f672e2054686520717569636b2062726f776e20666f78206a756d7073206f76657220746865206c617a7920646f672e2054686520717569636b2062726f776e20666f78206a756d7073206f76657220746865206c617a7920646f672e2054686520717569636b2062726f776e20666f78206a756d7073206f76657220746865206c617a7920646f672e2054686520717569636b2062726f776e20666f78206a756d7073206f76657220746865206c617a7920646f672e2054686520717569636b2062726f776e20666f78206a756d7073206f76657220746865206c617a7920646f672e2054686520717569636b2062726f776e20666f78206a756d7073206f76657220746865206c617a7920646f672e2054686520717569636b2062726f776e20666f78206a756d7073206f76657220746865206c617a7920646f672e2054686520717569636b2062726f776e20666f78206a756d7073206f76657220746865206c617a7920646f672e2054686520717569636b2062726f776e20666f78206a756d7073206f76657220746865206c617a7920646f672e2054686520717569636b2062726f776e20666f78206a756d7073206f76657220746865206c617a7920646f672e2054686520717569636b2062726f776e20666f78206a756d7073206f76657220746865206c617a7920646f672e2054686520717569636b2062726f776e20666f78206a756d7073206f76657220746865206c617a7920646f672e2054686520717569636b2062726f776e20666f78206a756d7073206f76657220746865206c617a7920646f672e20, 32, 'Active'),
(38, 'New', 'c', 2222222, 0x54686520717569636b2062726f776e20666f78206a756d7073206f76657220746865206c617a7920646f672e2054686520717569636b2062726f776e20666f78206a756d7073206f76657220746865206c617a7920646f672e2054686520717569636b2062726f776e20666f78206a756d7073206f76657220746865206c617a7920646f672e2054686520717569636b2062726f776e20666f78206a756d7073206f76657220746865206c617a7920646f672e2054686520717569636b2062726f776e20666f78206a756d7073206f76657220746865206c617a7920646f672e2054686520717569636b2062726f776e20666f78206a756d7073206f76657220746865206c617a7920646f672e2054686520717569636b2062726f776e20666f78206a756d7073206f76657220746865206c617a7920646f672e2054686520717569636b2062726f776e20666f78206a756d7073206f76657220746865206c617a7920646f672e2054686520717569636b2062726f776e20666f78206a756d7073206f76657220746865206c617a7920646f672e2054686520717569636b2062726f776e20666f78206a756d7073206f76657220746865206c617a7920646f672e2054686520717569636b2062726f776e20666f78206a756d7073206f76657220746865206c617a7920646f672e2054686520717569636b2062726f776e20666f78206a756d7073206f76657220746865206c617a7920646f672e2054686520717569636b2062726f776e20666f78206a756d7073206f76657220746865206c617a7920646f672e2054686520717569636b2062726f776e20666f78206a756d7073206f76657220746865206c617a7920646f672e2054686520717569636b2062726f776e20666f78206a756d7073206f76657220746865206c617a7920646f672e2054686520717569636b2062726f776e20666f78206a756d7073206f76657220746865206c617a7920646f672e2054686520717569636b2062726f776e20666f78206a756d7073206f76657220746865206c617a7920646f672e2054686520717569636b2062726f776e20666f78206a756d7073206f76657220746865206c617a7920646f672e2054686520717569636b2062726f776e20666f78206a756d7073206f76657220746865206c617a7920646f672e2054686520717569636b2062726f776e20666f78206a756d7073206f76657220746865206c617a7920646f672e2054686520717569636b2062726f776e20666f78206a756d7073206f76657220746865206c617a7920646f672e2054686520717569636b2062726f776e20666f78206a756d7073206f76657220746865206c617a7920646f672e2054686520717569636b2062726f776e20666f78206a756d7073206f76657220746865206c617a7920646f672e2054686520717569636b2062726f776e20666f78206a756d7073206f76657220746865206c617a7920646f672e2054686520717569636b2062726f776e20666f78206a756d7073206f76657220746865206c617a7920646f672e20, 32, 'Active'),
(39, 'Bahay Lupa', 'a', 4000000, 0x54686520717569636b2062726f776e20666f78206a756d7073206f76657220746865206c617a7920646f672e2054686520717569636b2062726f776e20666f78206a756d7073206f76657220746865206c617a7920646f672e2054686520717569636b2062726f776e20666f78206a756d7073206f76657220746865206c617a7920646f672e2054686520717569636b2062726f776e20666f78206a756d7073206f76657220746865206c617a7920646f672e2054686520717569636b2062726f776e20666f78206a756d7073206f76657220746865206c617a7920646f672e2054686520717569636b2062726f776e20666f78206a756d7073206f76657220746865206c617a7920646f672e2054686520717569636b2062726f776e20666f78206a756d7073206f76657220746865206c617a7920646f672e2054686520717569636b2062726f776e20666f78206a756d7073206f76657220746865206c617a7920646f672e2054686520717569636b2062726f776e20666f78206a756d7073206f76657220746865206c617a7920646f672e2054686520717569636b2062726f776e20666f78206a756d7073206f76657220746865206c617a7920646f672e2054686520717569636b2062726f776e20666f78206a756d7073206f76657220746865206c617a7920646f672e2054686520717569636b2062726f776e20666f78206a756d7073206f76657220746865206c617a7920646f672e2054686520717569636b2062726f776e20666f78206a756d7073206f76657220746865206c617a7920646f672e2054686520717569636b2062726f776e20666f78206a756d7073206f76657220746865206c617a7920646f672e2054686520717569636b2062726f776e20666f78206a756d7073206f76657220746865206c617a7920646f672e2054686520717569636b2062726f776e20666f78206a756d7073206f76657220746865206c617a7920646f672e2054686520717569636b2062726f776e20666f78206a756d7073206f76657220746865206c617a7920646f672e2054686520717569636b2062726f776e20666f78206a756d7073206f76657220746865206c617a7920646f672e2054686520717569636b2062726f776e20666f78206a756d7073206f76657220746865206c617a7920646f672e2054686520717569636b2062726f776e20666f78206a756d7073206f76657220746865206c617a7920646f672e2054686520717569636b2062726f776e20666f78206a756d7073206f76657220746865206c617a7920646f672e2054686520717569636b2062726f776e20666f78206a756d7073206f76657220746865206c617a7920646f672e2054686520717569636b2062726f776e20666f78206a756d7073206f76657220746865206c617a7920646f672e20, 32, 'Active'),
(40, 'This is a test', 'a', 2000000, 0x54686520717569636b2062726f776e20666f78206a756d7073206f76657220746865206c617a7920646f672e200a54686520717569636b2062726f776e20666f78206a756d7073206f76657220746865206c617a7920646f672e2054686520717569636b2062726f776e20666f78206a756d7073206f76657220746865206c617a7920646f672e2054686520717569636b2062726f776e20666f78206a756d7073206f76657220746865206c617a7920646f672e2054686520717569636b2062726f776e20666f78206a756d7073206f76657220746865206c617a7920646f672e2054686520717569636b2062726f776e20666f78206a756d7073206f76657220746865206c617a7920646f672e2054686520717569636b2062726f776e20666f78206a756d7073206f76657220746865206c617a7920646f672e200a0a54686520717569636b2062726f776e20666f78206a756d7073206f76657220746865206c617a7920646f672e2054686520717569636b2062726f776e20666f78206a756d7073206f76657220746865206c617a7920646f672e2054686520717569636b2062726f776e20666f78206a756d7073206f76657220746865206c617a7920646f672e2054686520717569636b2062726f776e20666f78206a756d7073206f76657220746865206c617a7920646f672e2054686520717569636b2062726f776e20666f78206a756d7073206f76657220746865206c617a7920646f672e2054686520717569636b2062726f776e20666f78206a756d7073206f76657220746865206c617a7920646f672e2054686520717569636b2062726f776e20666f78206a756d7073206f76657220746865206c617a7920646f672e200a0a0a54686520717569636b2062726f776e20666f78206a756d7073206f76657220746865206c617a7920646f672e2054686520717569636b2062726f776e20666f78206a756d7073206f76657220746865206c617a7920646f672e2054686520717569636b2062726f776e20666f78206a756d7073206f76657220746865206c617a7920646f672e2054686520717569636b2062726f776e20666f78206a756d7073206f76657220746865206c617a7920646f672e2054686520717569636b2062726f776e20666f78206a756d7073206f76657220746865206c617a7920646f672e2054686520717569636b2062726f776e20666f78206a756d7073206f76657220746865206c617a7920646f672e2054686520717569636b2062726f776e20666f78206a756d7073206f76657220746865206c617a7920646f672e20, 24, 'Active'),
(41, 'Another test', 'b', 30000, 0x5468697320697320616e6f7468657220746573742e205468697320697320746f207465737420746865200a0a0a0a0a0a7265646972656374696f6e206f66207061676573, 24, 'Active');

-- --------------------------------------------------------

--
-- Table structure for table `property_features`
--

CREATE TABLE `property_features` (
  `Property_ID` int(11) NOT NULL,
  `Stories` int(11) NOT NULL,
  `Bed` int(11) NOT NULL,
  `Bath` int(11) NOT NULL,
  `Garage` int(11) NOT NULL
) ENGINE=InnoDB DEFAULT CHARSET=latin1;

--
-- Dumping data for table `property_features`
--

INSERT INTO `property_features` (`Property_ID`, `Stories`, `Bed`, `Bath`, `Garage`) VALUES
(6, 3, 5, 2, 2),
(7, 3, 4, 2, 4),
(8, 3, 4, 2, 4),
(9, 2, 3, 2, 3),
(10, 2, 3, 2, 3),
(11, 2, 3, 2, 3),
(12, 2, 3, 2, 3),
(13, 2, 3, 2, 3),
(14, 2, 3, 2, 3),
(15, 2, 3, 2, 3),
(16, 2, 3, 2, 3),
(17, 2, 3, 2, 3),
(18, 2, 3, 2, 3),
(19, 2, 3, 2, 3),
(20, 2, 2, 1, 0),
(21, 2, 2, 1, 0),
(22, 2, 2, 1, 0),
(23, 2, 2, 1, 0),
(24, 2, 2, 1, 0),
(25, 2, 2, 1, 0),
(26, 2, 3, 2, 0),
(27, 2, 3, 2, 0),
(28, 2, 2, 2, 2),
(29, 2, 2, 2, 2),
(30, 0, 0, 0, 0),
(31, 2, 4, 2, 1),
(32, 2, 4, 2, 1),
(33, 2, 2, 2, 4),
(34, 0, 0, 0, 0),
(35, 0, 0, 0, 0),
(36, 0, 0, 0, 0),
(37, 0, 0, 0, 0),
(38, 0, 0, 0, 0),
(39, 3, 6, 3, 4),
(40, 2, 3, 2, 2),
(41, 3, 4, 2, 3);

-- --------------------------------------------------------

--
-- Stand-in structure for view `property_list`
-- (See below for the actual view)
--
CREATE TABLE `property_list` (
`Property_ID` int(11)
,`Title` varchar(255)
,`Type` char(1)
,`Land` int(11)
,`Floor` int(11)
,`Price` bigint(20)
,`StreetAddress` varchar(255)
,`City` varchar(255)
,`State` varchar(255)
,`Zip` varchar(255)
,`Country` varchar(255)
,`Description` blob
,`Stories` int(11)
,`Bed` int(11)
,`Bath` int(11)
,`Garage` int(11)
,`User_ID` int(11)
,`First_Name` varchar(255)
,`Last_Name` varchar(255)
);

-- --------------------------------------------------------

--
-- Table structure for table `property_location`
--

CREATE TABLE `property_location` (
  `Property_ID` int(11) NOT NULL,
  `Country` varchar(255) NOT NULL,
  `Zip` varchar(255) NOT NULL,
  `State` varchar(255) NOT NULL,
  `City` varchar(255) NOT NULL,
  `StreetAddress` varchar(255) NOT NULL,
  `Latitude` double NOT NULL,
  `Longitude` double NOT NULL
) ENGINE=InnoDB DEFAULT CHARSET=latin1;

--
-- Dumping data for table `property_location`
--

INSERT INTO `property_location` (`Property_ID`, `Country`, `Zip`, `State`, `City`, `StreetAddress`, `Latitude`, `Longitude`) VALUES
(5, 'Philippines', '', 'NCR', 'Manila', 'Bambang ni Felix', 14.527409854367477, 121.08010098338127),
(6, 'Philippines', '', 'NCR', 'Manila', 'Bambang ni Felix', 14.527409854367477, 121.08010098338127),
(7, 'Philippines', '1630', 'NCR', 'Taguig', 'Liwayway', 14.5269775445608, 121.07527703046799),
(8, 'Philippines', '1630', 'NCR', 'Taguig', 'Liwayway', 14.5269775445608, 121.07527703046799),
(9, 'Philippines', '', 'NCR', 'Taguig', 'Ruhale', 14.528992386659404, 121.08549356460571),
(10, 'Philippines', '', 'NCR', 'Taguig', 'Ruhale', 14.528992386659404, 121.08549356460571),
(11, 'Philippines', '', 'NCR', 'Taguig', 'Ruhale', 14.528992386659404, 121.08549356460571),
(12, 'Philippines', '', 'NCR', 'Taguig', 'Ruhale', 14.528992386659404, 121.08549356460571),
(13, 'Philippines', '', 'NCR', 'Taguig', 'Ruhale', 14.528992386659404, 121.08549356460571),
(14, 'Philippines', '', 'NCR', 'Taguig', 'Ruhale', 14.528992386659404, 121.08549356460571),
(15, 'Philippines', '', 'NCR', 'Taguig', 'Ruhale', 14.528992386659404, 121.08549356460571),
(16, 'Philippines', '', 'NCR', 'Taguig', 'Ruhale', 14.528992386659404, 121.08549356460571),
(17, 'Philippines', '', 'NCR', 'Taguig', 'Ruhale', 14.528992386659404, 121.08549356460571),
(18, 'Philippines', '', 'NCR', 'Taguig', 'Ruhale', 14.528992386659404, 121.08549356460571),
(19, 'Philippines', '', 'NCR', 'Taguig', 'Ruhale', 14.528992386659404, 121.08549356460571),
(20, 'Philippines', '1630', 'NCR', 'Taguig', 'Liwayway', 14.527361819986254, 121.07605218887329),
(21, 'Philippines', '1630', 'NCR', 'Taguig', 'Liwayway', 14.527361819986254, 121.07605218887329),
(22, 'Philippines', '1630', 'NCR', 'Taguig', 'Liwayway', 14.527361819986254, 121.07605218887329),
(23, 'Philippines', '1630', 'NCR', 'Taguig', 'Liwayway', 14.527361819986254, 121.07605218887329),
(24, 'Philippines', '1630', 'NCR', 'Taguig', 'Liwayway', 14.527361819986254, 121.07605218887329),
(25, 'Philippines', '1630', 'NCR', 'Taguig', 'Liwayway', 14.527361819986254, 121.07605218887329),
(26, 'Philippines', '', 'NCR', 'Taguig', 'Bagong Calzada', 14.530809883109294, 121.0731554031372),
(27, 'Philippines', '', 'NCR', 'Taguig', 'Bagong Calzada', 14.530809883109294, 121.0731554031372),
(28, 'Philippines', '1630', 'NCR', 'Taguig', 'A. Bonifacio Street', 14.52790188161749, 121.07595562934875),
(29, 'Philippines', '1630', 'NCR', 'Taguig', 'A. Bonifacio Street', 14.52790188161749, 121.07595562934875),
(30, 'Philippines', '', 'Calabarzon', 'San Pedro', 'Manila South Road', 14.354869561024975, 121.06214761734009),
(31, 'Philippines', '', 'NCR', 'Makati', 'Macopa', 14.54633588635727, 121.06367915868759),
(32, 'Philippines', '', 'NCR', 'Makati', 'Macopa', 14.54633588635727, 121.06367915868759),
(33, 'Philippines', '1630', 'NCR', 'Taguig', 'A.Bonifacio', 14.527979775013149, 121.0760548710823),
(34, 'Philippines', '', 'NCR', 'Taguig', '', 14.524599176395016, 121.07015132904053),
(35, 'Philippines', '', 'NCR', 'Quezon City', '', 14.642053680803652, 121.03225708007812),
(36, 'Philippines', '', 'NCR', 'Makati', '', 14.544373127474188, 121.02367401123047),
(37, 'Philippines', '', 'NCR', 'Mandaluyong', '', 14.57826720924045, 121.04358673095703),
(38, 'Philippines', '', 'NCR', '', '', 14.535067959129975, 121.00221633911133),
(39, 'Philippines', '', 'NCR', 'Parañaque', '', 14.477234210156519, 121.01680755615234),
(40, 'Philippines', '', 'NCR', 'Pasig', 'Doctor Sixto Antonio Avenue', 14.562255396889443, 121.07697486877441),
(41, 'Philippines', '', 'NCR', 'Makati', 'Quintos', 14.568080840645004, 121.0284698009491);

-- --------------------------------------------------------

--
-- Stand-in structure for view `property_page`
-- (See below for the actual view)
--
CREATE TABLE `property_page` (
`Property_ID` int(11)
,`Title` varchar(255)
,`StreetAddress` varchar(255)
,`City` varchar(255)
,`State` varchar(255)
,`Zip` varchar(255)
,`Country` varchar(255)
,`Price` bigint(20)
,`Type` char(1)
,`Land` int(11)
,`Floor` int(11)
,`Stories` int(11)
,`Bed` int(11)
,`Bath` int(11)
,`Garage` int(11)
,`Description` blob
,`Latitude` double
,`Longitude` double
,`User_ID` int(11)
,`First_Name` varchar(255)
,`Last_Name` varchar(255)
,`Email` varchar(255)
,`Mobile` varchar(255)
,`Status` varchar(255)
);

-- --------------------------------------------------------

--
-- Table structure for table `property_size`
--

CREATE TABLE `property_size` (
  `Property_ID` int(11) NOT NULL,
  `Floor` int(11) NOT NULL,
  `Land` int(11) NOT NULL
) ENGINE=InnoDB DEFAULT CHARSET=latin1;

--
-- Dumping data for table `property_size`
--

INSERT INTO `property_size` (`Property_ID`, `Floor`, `Land`) VALUES
(6, 30, 60),
(7, 60, 150),
(8, 60, 150),
(9, 60, 100),
(10, 60, 100),
(11, 60, 100),
(12, 60, 100),
(13, 60, 100),
(14, 60, 100),
(15, 65, 100),
(16, 65, 100),
(17, 65, 100),
(18, 65, 100),
(19, 65, 100),
(20, 50, 60),
(21, 50, 60),
(22, 50, 60),
(23, 50, 60),
(24, 50, 60),
(25, 50, 60),
(26, 40, 40),
(27, 40, 40),
(28, 50, 120),
(29, 50, 120),
(30, 300, 300),
(31, 80, 150),
(32, 80, 150),
(33, 80, 200),
(34, 0, 300),
(35, 0, 300),
(36, 0, 250),
(37, 0, 100),
(38, 0, 300),
(39, 200, 300),
(40, 60, 80),
(41, 70, 80);

-- --------------------------------------------------------

--
-- Table structure for table `user`
--

CREATE TABLE `user` (
  `User_ID` int(11) NOT NULL,
  `Email` varchar(255) NOT NULL,
  `User_Type` varchar(1) NOT NULL,
  `First_Name` varchar(255) NOT NULL,
  `Last_Name` varchar(255) NOT NULL,
  `Bio` longtext NOT NULL,
  `Password` varchar(255) NOT NULL,
  `Hide` int(11) NOT NULL
) ENGINE=InnoDB DEFAULT CHARSET=latin1;

--
-- Dumping data for table `user`
--

INSERT INTO `user` (`User_ID`, `Email`, `User_Type`, `First_Name`, `Last_Name`, `Bio`, `Password`, `Hide`) VALUES
(1, 'asdasd', 'a', 'qweqwe', 'qweqwe', '', 'qweqwe', 0),
(2, 'dfgdfgh', 'a', 'dfgsaerwqer', 'dfgdfg', '', 'sdfdfg', 0),
(3, 'dfdfgdf', 'a', 'dfhgdftg', 'sdfsdf', '', 'fghfgh', 0),
(4, 'dfgsdf', 'a', 'sdfsdf', 'asdasd', '', 'ghjghj', 0),
(5, 'sdfsdf', 'a', 'werwer', 'sdfsdf', '', 'fgh', 0),
(6, 'sdfwer', 'a', 'zxcvdstfw', 'cbgdfg', '', 'xcvsdf', 0),
(8, 'dfrturty', 'a', 'dfgdfg', 'sdfjh', '', 'dfgdfg', 0),
(9, 'yuotyer', 'a', 'zsxertw34e', 'xcvbfgj', '', 'xcvsdrtf', 0),
(10, 'dfghryj', 'a', 'bvndrtg', 'ngmdsfg', '', 'dfgfdgh', 0),
(11, 'hsdfsd', 'a', 'cvbdfrte', 'hjlkfghdfg', '', 'fgs', 0),
(12, 'sdkjfhsdkjfh', 'a', 'kdjfghsdf', 'dlkfgdsfkh', '', 'dfgdfghwer', 0),
(13, 'fyujrtyer', 'a', 'sertwer', 'dfgdfgy', '', 'xcvbedrtg', 0),
(14, 'sdfgsd', 'a', 'dfgert', 'fsdfwer', '', 'sdfwer', 0),
(15, 'dfhgedtqwe', 'a', 'tgfsdrwer', 'dfg', '', 'wqer', 0),
(16, 'asd', 'a', 'asd', 'asd', '', 'asd', 0),
(19, 'test@test.com', 'a', 'First', 'Last', '', 'testing', 0),
(21, 'asd@asd,com', 'a', 'omar', 'omar', '', '123', 0),
(22, 'asdas', 'a', 'asd', 'dasd', '', '123', 0),
(24, 'omarmandeeli@gmail.com', 'a', 'omar', 'omar', '', '123123', 0),
(28, 'Omar@gmail.com', 'a', 'asd as da asd  as d da s', 'mandada', '', '123123', 0),
(30, 'asd@asd.com', 'a', 'asdas', 'asdasd', '', '123123', 0),
(31, 'taeka@yahoo.com', 'a', 'Dan Cecilio', 'Chua', '', '123456789', 0),
(32, 'test@yahoo.com', 'a', 'John', 'Smith', 'The quick brown fox jumps over the lazy dog. The quick brown fox jumps over the lazy dog. The quick brown fox jumps over the lazy dog. The quick brown fox jumps over the lazy dog. The quick brown fox jumps over the lazy dog. \r\n\r\n\r\nThe quick brown fox jumps over the lazy dog. The quick brown fox jumps over the lazy dog. The quick brown fox jumps over the lazy dog. The quick brown fox jumps over the lazy dog. ', '123123', 0),
(33, 'jograt@gmail.com', 'a', 'Sukaldito', 'Jograt', '', '111555', 0),
(35, 'jobert@gmail.com', 'a', 'Nyawk', 'Jobert', '', '222444', 0),
(36, '777777@hotmail.com', 'a', 'wwwww', 'wwwww', '', '000000', 0);

-- --------------------------------------------------------

--
-- Table structure for table `user_contact`
--

CREATE TABLE `user_contact` (
  `User_ID` int(11) NOT NULL,
  `Mobile` varchar(255) NOT NULL,
  `Email` varchar(255) NOT NULL
) ENGINE=InnoDB DEFAULT CHARSET=latin1;

--
-- Dumping data for table `user_contact`
--

INSERT INTO `user_contact` (`User_ID`, `Mobile`, `Email`) VALUES
(12, '09090990', 'sdkjfhsdkjfh'),
(13, 'dfgsdf', 'fyujrtyer'),
(14, 'dfgdety', 'sdfgsd'),
(15, 'werwer', 'dfhgedtqwe'),
(16, 'asd', 'asd'),
(19, '09187654321', 'test@test.com'),
(21, '091283123', 'asd@asd,com'),
(22, '123', 'asdas'),
(24, '23123', 'omarmandeeli@gmail.com'),
(28, '12312131231', 'Omar@gmail.com'),
(30, '09129328233', 'asd@asd.com'),
(31, '09187654321', 'taeka@yahoo.com'),
(32, '09176543210', 'test@yahoo.com'),
(33, '09198765432', 'jograt@gmail.com'),
(35, '09187765432', 'jobert@gmail.com'),
(36, '00000000000', '777777@hotmail.com');

-- --------------------------------------------------------

--
-- Stand-in structure for view `user_profile`
-- (See below for the actual view)
--
CREATE TABLE `user_profile` (
`User_ID` int(11)
,`First_Name` varchar(255)
,`Last_Name` varchar(255)
,`Bio` longtext
,`Email` varchar(255)
,`User_Type` varchar(1)
,`Hide` int(11)
,`Mobile` varchar(255)
);

-- --------------------------------------------------------

--
-- Structure for view `convo_list`
--
DROP TABLE IF EXISTS `convo_list`;

CREATE ALGORITHM=UNDEFINED DEFINER=`root`@`localhost` SQL SECURITY DEFINER VIEW `convo_list`  AS  select `conversation`.`Conversation_ID` AS `Conversation_ID`,`conversation`.`User1` AS `User1`,`conversation`.`User2` AS `User2`,`conversation`.`Subject` AS `Subject`,`conversation`.`Status1` AS `Status1`,`conversation`.`Status2` AS `Status2`,`private_message`.`PrivateMessage_ID` AS `PrivateMessage_ID`,`private_message`.`Message` AS `Message`,`private_message`.`TimeStamp` AS `TimeStamp`,`private_message`.`Sender` AS `Sender`,`private_message`.`ReadNew` AS `ReadNew`,`private_message`.`Status_1` AS `Status_1`,`private_message`.`Status_2` AS `Status_2` from (`conversation` join `private_message` on((`conversation`.`Conversation_ID` = `private_message`.`Conversation_ID`))) ;

-- --------------------------------------------------------

--
-- Structure for view `log_in`
--
DROP TABLE IF EXISTS `log_in`;

CREATE ALGORITHM=UNDEFINED DEFINER=`root`@`localhost` SQL SECURITY DEFINER VIEW `log_in`  AS  select `user`.`User_ID` AS `User_ID`,`user`.`Email` AS `Email`,`user_contact`.`Mobile` AS `Mobile`,`user`.`Password` AS `Password` from (`user` join `user_contact` on((`user`.`User_ID` = `user_contact`.`User_ID`))) ;

-- --------------------------------------------------------

--
-- Structure for view `property_list`
--
DROP TABLE IF EXISTS `property_list`;

CREATE ALGORITHM=UNDEFINED DEFINER=`root`@`localhost` SQL SECURITY DEFINER VIEW `property_list`  AS  select `property`.`Property_ID` AS `Property_ID`,`property`.`Title` AS `Title`,`property`.`Type` AS `Type`,`property_size`.`Land` AS `Land`,`property_size`.`Floor` AS `Floor`,`property`.`Price` AS `Price`,`property_location`.`StreetAddress` AS `StreetAddress`,`property_location`.`City` AS `City`,`property_location`.`State` AS `State`,`property_location`.`Zip` AS `Zip`,`property_location`.`Country` AS `Country`,`property`.`Description` AS `Description`,`property_features`.`Stories` AS `Stories`,`property_features`.`Bed` AS `Bed`,`property_features`.`Bath` AS `Bath`,`property_features`.`Garage` AS `Garage`,`user`.`User_ID` AS `User_ID`,`user`.`First_Name` AS `First_Name`,`user`.`Last_Name` AS `Last_Name` from (((((`property` join `property_features` on((`property`.`Property_ID` = `property_features`.`Property_ID`))) join `property_location` on((`property`.`Property_ID` = `property_location`.`Property_ID`))) join `property_size` on((`property`.`Property_ID` = `property_size`.`Property_ID`))) join `user` on((`property`.`User_ID` = `user`.`User_ID`))) join `user_contact` on((`property`.`User_ID` = `user_contact`.`User_ID`))) where (`property`.`Status` = 'Active') ;

-- --------------------------------------------------------

--
-- Structure for view `property_page`
--
DROP TABLE IF EXISTS `property_page`;

CREATE ALGORITHM=UNDEFINED DEFINER=`root`@`localhost` SQL SECURITY DEFINER VIEW `property_page`  AS  select `property`.`Property_ID` AS `Property_ID`,`property`.`Title` AS `Title`,`property_location`.`StreetAddress` AS `StreetAddress`,`property_location`.`City` AS `City`,`property_location`.`State` AS `State`,`property_location`.`Zip` AS `Zip`,`property_location`.`Country` AS `Country`,`property`.`Price` AS `Price`,`property`.`Type` AS `Type`,`property_size`.`Land` AS `Land`,`property_size`.`Floor` AS `Floor`,`property_features`.`Stories` AS `Stories`,`property_features`.`Bed` AS `Bed`,`property_features`.`Bath` AS `Bath`,`property_features`.`Garage` AS `Garage`,`property`.`Description` AS `Description`,`property_location`.`Latitude` AS `Latitude`,`property_location`.`Longitude` AS `Longitude`,`user`.`User_ID` AS `User_ID`,`user`.`First_Name` AS `First_Name`,`user`.`Last_Name` AS `Last_Name`,`user_contact`.`Email` AS `Email`,`user_contact`.`Mobile` AS `Mobile`,`property`.`Status` AS `Status` from (((((`property` join `property_features` on((`property`.`Property_ID` = `property_features`.`Property_ID`))) join `property_location` on((`property`.`Property_ID` = `property_location`.`Property_ID`))) join `property_size` on((`property`.`Property_ID` = `property_size`.`Property_ID`))) join `user` on((`property`.`User_ID` = `user`.`User_ID`))) join `user_contact` on((`property`.`User_ID` = `user_contact`.`User_ID`))) ;

-- --------------------------------------------------------

--
-- Structure for view `user_profile`
--
DROP TABLE IF EXISTS `user_profile`;

CREATE ALGORITHM=UNDEFINED DEFINER=`root`@`localhost` SQL SECURITY DEFINER VIEW `user_profile`  AS  select `user`.`User_ID` AS `User_ID`,`user`.`First_Name` AS `First_Name`,`user`.`Last_Name` AS `Last_Name`,`user`.`Bio` AS `Bio`,`user_contact`.`Email` AS `Email`,`user`.`User_Type` AS `User_Type`,`user`.`Hide` AS `Hide`,`user_contact`.`Mobile` AS `Mobile` from (`user` join `user_contact` on((`user`.`User_ID` = `user_contact`.`User_ID`))) ;

--
-- Indexes for dumped tables
--

--
-- Indexes for table `conversation`
--
ALTER TABLE `conversation`
  ADD PRIMARY KEY (`Conversation_ID`);

--
-- Indexes for table `private_message`
--
ALTER TABLE `private_message`
  ADD PRIMARY KEY (`PrivateMessage_ID`),
  ADD KEY `Conversation_ID` (`Conversation_ID`);

--
-- Indexes for table `property`
--
ALTER TABLE `property`
  ADD PRIMARY KEY (`Property_ID`),
  ADD KEY `User_ID` (`User_ID`);

--
-- Indexes for table `property_features`
--
ALTER TABLE `property_features`
  ADD KEY `Property_ID` (`Property_ID`);

--
-- Indexes for table `property_location`
--
ALTER TABLE `property_location`
  ADD KEY `Property_ID` (`Property_ID`);

--
-- Indexes for table `property_size`
--
ALTER TABLE `property_size`
  ADD KEY `Property_ID` (`Property_ID`);

--
-- Indexes for table `user`
--
ALTER TABLE `user`
  ADD PRIMARY KEY (`User_ID`),
  ADD UNIQUE KEY `Email` (`Email`);

--
-- Indexes for table `user_contact`
--
ALTER TABLE `user_contact`
  ADD KEY `User_ID` (`User_ID`);

--
-- AUTO_INCREMENT for dumped tables
--

--
-- AUTO_INCREMENT for table `conversation`
--
ALTER TABLE `conversation`
  MODIFY `Conversation_ID` int(11) NOT NULL AUTO_INCREMENT, AUTO_INCREMENT=6;

--
-- AUTO_INCREMENT for table `private_message`
--
ALTER TABLE `private_message`
  MODIFY `PrivateMessage_ID` int(11) NOT NULL AUTO_INCREMENT, AUTO_INCREMENT=24;

--
-- AUTO_INCREMENT for table `property`
--
ALTER TABLE `property`
  MODIFY `Property_ID` int(11) NOT NULL AUTO_INCREMENT, AUTO_INCREMENT=42;

--
-- AUTO_INCREMENT for table `user`
--
ALTER TABLE `user`
  MODIFY `User_ID` int(11) NOT NULL AUTO_INCREMENT, AUTO_INCREMENT=37;

--
-- Constraints for dumped tables
--

--
-- Constraints for table `private_message`
--
ALTER TABLE `private_message`
  ADD CONSTRAINT `private_message_ibfk_1` FOREIGN KEY (`Conversation_ID`) REFERENCES `conversation` (`Conversation_ID`);

--
-- Constraints for table `property`
--
ALTER TABLE `property`
  ADD CONSTRAINT `property_ibfk_1` FOREIGN KEY (`User_ID`) REFERENCES `user` (`User_ID`);

--
-- Constraints for table `property_features`
--
ALTER TABLE `property_features`
  ADD CONSTRAINT `property_features_ibfk_1` FOREIGN KEY (`Property_ID`) REFERENCES `property` (`Property_ID`);

--
-- Constraints for table `property_location`
--
ALTER TABLE `property_location`
  ADD CONSTRAINT `property_location_ibfk_1` FOREIGN KEY (`Property_ID`) REFERENCES `property` (`Property_ID`);

--
-- Constraints for table `property_size`
--
ALTER TABLE `property_size`
  ADD CONSTRAINT `property_size_ibfk_1` FOREIGN KEY (`Property_ID`) REFERENCES `property` (`Property_ID`);

--
-- Constraints for table `user_contact`
--
ALTER TABLE `user_contact`
  ADD CONSTRAINT `user_contact_ibfk_1` FOREIGN KEY (`User_ID`) REFERENCES `user` (`User_ID`);
COMMIT;

/*!40101 SET CHARACTER_SET_CLIENT=@OLD_CHARACTER_SET_CLIENT */;
/*!40101 SET CHARACTER_SET_RESULTS=@OLD_CHARACTER_SET_RESULTS */;
/*!40101 SET COLLATION_CONNECTION=@OLD_COLLATION_CONNECTION */;
